,ticker,exchange
0,EURUSD,FX
1,GBPUSD,FX
2,NZDUSD,FX
3,USDCAD,FX
4,USDJPY,FX
5,USDCHF,FX
6,AUDUSD,FX
7,EURGBP,FX
8,EURCHF,FX
9,EURJPY,FX
10,GBPJPY,FX
11,EURAUD,FX
12,EURCAD,FX
13,AUDJPY,FX
14,CADJPY,FX
15,CHFJPY,FX
16,OIL,Commodity
17,GOLD,Commodity
18,SILVER,Commodity
19,COPPER,Commodity
20,NATGAS,Commodity
21,USDOLLAR,CFD
22,China50,CFD
23,SPX500,CFD
24,NSDQ100,CFD
25,DJ30,CFD
26,UK100,CFD
27,FRA40,CFD
28,GER40,CFD
29,AUS200,CFD
30,ESP35,CFD
31,JPN225,CFD
32,HKG50,CFD
33,USDHKD,FX
34,PLATINUM,Commodity
35,USDZAR,FX
36,EUSTX50,CFD
37,USDRUB,FX
38,USDCNH,FX
39,AUDCHF,FX
40,AUDCAD,FX
41,AUDNZD,FX
42,EURNZD,FX
43,GBPAUD,FX
44,GBPCHF,FX
45,GBPNZD,FX
46,NZDCAD,FX
47,NZDCHF,FX
48,NZDJPY,FX
49,CADCHF,FX
50,USDNOK,FX
51,USDSEK,FX
52,NOKSEK,FX
53,EURNOK,FX
54,EURSEK,FX
55,USDTRY,FX
56,USDMXN,FX
57,USDSGD,FX
58,GBPCAD,FX
59,ZARJPY,FX
60,EURPLN,FX
61,USDHUF,FX
62,EURHUF,FX
63,GBPHUF,FX
64,CHFHUF,FX
65,USDPLN,FX
66,USDCZK,FX
67,USDRON,FX
68,PALLADIUM,Commodity
69,SUGAR,Commodity
70,COTTON,Commodity
71,COCOA,Commodity
72,WHEAT,Commodity
73,ALUMINUM,Commodity
74,NICKEL,Commodity
75,CL.JUL20,Commodity
76,CL.AUG20,Commodity
77,CL.SEP20,Commodity
78,CL.OCT20,Commodity
79,CL.NOV20,Commodity
80,CL.DEC20,Commodity
81,CL.JAN21,Commodity
82,CL.FEB21,Commodity
83,CL.MAR21,Commodity
84,CL.APR21,Commodity
85,CL.MAY21,Commodity
86,CL.JUN21,Commodity
87,CL.JUL21,Commodity
88,CL.AUG21,Commodity
89,CL.SEP21,Commodity
90,CL.OCT21,Commodity
91,CL.NOV21,Commodity
92,CL.DEC21,Commodity
93,CL.JAN22,Commodity
94,AAPL,Nasdaq
95,GOOG,Nasdaq
96,FB,Nasdaq
97,MSFT,Nasdaq
98,AMZN,Nasdaq
99,ZNGA,Nasdaq
100,AA,NYSE
101,AXP,NYSE
102,BA,NYSE
103,BAC,NYSE
104,CAT,NYSE
105,CSCO,Nasdaq
106,CVX,NYSE
107,DIS,NYSE
108,GE,NYSE
109,HD,NYSE
110,HPQ,NYSE
111,IBM,NYSE
112,INTC,Nasdaq
113,JNJ,NYSE
114,JPM,NYSE
115,KO,NYSE
116,MCD,NYSE
117,MMM,NYSE
118,MRK,NYSE
119,PFE,NYSE
120,PG,NYSE
121,T,NYSE
122,TRV,NYSE
123,UNH,NYSE
124,RTX,NYSE
125,VZ,NYSE
126,WMT,NYSE
127,XOM,NYSE
128,C,NYSE
129,HMC,NYSE
130,HSBC,NYSE
131,MANU,NYSE
132,MA,NYSE
133,NKE,NYSE
134,PEP,Nasdaq
135,SONY,NYSE
136,TM,NYSE
137,V,NYSE
138,VOD,Nasdaq
139,DB,NYSE
140,CL,NYSE
141,EBAY,Nasdaq
142,YNDX,Nasdaq
143,QIWI,Nasdaq
144,RENN,NYSE
145,TEO,NYSE
146,TX,NYSE
147,PBR,NYSE
148,VALE,NYSE
149,SAN,NYSE
150,TEF,NYSE
151,AMX,NYSE
152,CX,NYSE
153,TV,NYSE
154,TSLA,NASDAQ
155,F,NYSE
156,LVS,NYSE
157,NOK,NYSE
158,FSLR,NASDAQ
159,BRK.B,NYSE
160,WU,NYSE
161,GPS,NYSE
162,RL,NYSE
163,HOG,NYSE
164,TRIP,NASDAQ
165,EA,NASDAQ
166,URBN,NASDAQ
167,ADBE,NASDAQ
168,NFLX,NASDAQ
169,MSI,NYSE
170,WDC,NASDAQ
171,MU,NASDAQ
172,ANF,NYSE
173,AGNC,NASDAQ
174,ADSK,NASDAQ
175,ORCL,NYSE
176,LMT,NYSE
177,NVDA,NASDAQ
178,FDX,NYSE
179,CAR,NASDAQ
180,BIDU,NASDAQ
181,SBUX,NASDAQ
182,AMGN,NASDAQ
183,ATVI,NASDAQ
184,CHKP,NASDAQ
185,MOS,NYSE
186,KDP,Nasdaq
187,STZ,NYSE
188,LMND,NYSE
189,TWTR,NYSE
190,BABA,NYSE
191,SPOT,NYSE
192,DBX,Nasdaq
193,ETSY,NASDAQ
194,WIX,NASDAQ
195,RYAAY,NASDAQ
196,ACB,Nasdaq
197,SMG,NYSE
198,CARA,NASDAQ
199,ZYNE,NASDAQ
200,CRBP,NASDAQ
201,CRON,NASDAQ
202,CVA,NYSE
203,EVA,NYSE
204,NEP,NYSE
205,ALB,NYSE
206,ENS,NYSE
207,1810.HK,Hong Kong Exchanges
208,OSTK,Nasdaq
209,TLRY,Nasdaq
210,LYFT,Nasdaq
211,PINS,NYSE
212,LEVI,NYSE
213,UBER,NYSE
214,BYND,Nasdaq
215,SIE,FRA
216,BAS,FRA
217,SAP,FRA
218,BAYN,FRA
219,ALV,FRA
220,EOAN,FRA
221,DAI.DE,FRA
222,DTE,FRA
223,VOW3,FRA
224,BMW,FRA
225,MUV2,FRA
226,RWE,FRA
227,FME,FRA
228,ADS,FRA
229,DPW,FRA
230,FRE,FRA
231,HEN3,FRA
232,DB1,FRA
233,TKA,FRA
234,IFX,FRA
235,SDF,FRA
236,CBK,FRA
237,BEI,FRA
238,HEI.DE,FRA
239,LHA,FRA
240,CON,FRA
241,AC,Euronext Paris
242,ACA,Euronext Paris
243,AI,Euronext Paris
244,AIR,Euronext Paris
245,ALO,Euronext Paris
246,BN,Euronext Paris
247,BNP,Euronext Paris
248,CA,Euronext Paris
249,CAP,Euronext Paris
250,CS.PA,Euronext Paris
251,DG,Euronext Paris
252,EDF,Euronext Paris
253,EL,Euronext Paris
254,EN,Euronext Paris
255,TTE,Euronext Paris
256,FR,Euronext Paris
257,GLE,Euronext Paris
258,ENGI,Euronext Paris
259,KER,Euronext Paris
260,LR,Euronext Paris
261,MC,Euronext Paris
262,ML.PA,Euronext Paris
263,MTS,Bolsa De Madrid
264,OR,Euronext Paris
265,ORA,Euronext Paris
266,PUB,Euronext Paris
267,RI,Euronext Paris
268,RNO,Euronext Paris
269,SAF,Euronext Paris
270,SAN,Euronext Paris
271,SGO,Euronext Paris
272,SOLB,Euronext Paris
273,SU,Euronext Paris
274,VIE,Euronext Paris
275,VIV.PA,Euronext Paris
276,A2A,Borsa Italiana
277,AGL,Borsa Italiana
278,ATL,Borsa Italiana
279,AZM,Borsa Italiana
280,BPE,Borsa Italiana
281,BZU,Borsa Italiana
282,CNHI,Borsa Italiana
283,CPR,Borsa Italiana
284,ENEL,Borsa Italiana
285,ENI,Borsa Italiana
286,EXO,Borsa Italiana
287,STLA,Borsa Italiana
288,LDO,Borsa Italiana
289,G.MI,Borsa Italiana
290,ISP,Borsa Italiana
291,MB.MI,Borsa Italiana
292,MONC,Borsa Italiana
293,MS,Borsa Italiana
294,PRY,Borsa Italiana
295,SFER,Borsa Italiana
296,SRG,Borsa Italiana
297,STM.MI,Borsa Italiana
298,TEN,Borsa Italiana
299,TIT,Borsa Italiana
300,TOD,Borsa Italiana
301,TRN,Borsa Italiana
302,UCG,Borsa Italiana
303,US,Borsa Italiana
304,ACS,Bolsa de Madrid
305,AMS,Bolsa de Madrid
306,ANA,Bolsa de Madrid
307,BBVA.MC,Bolsa de Madrid
308,BKT,Bolsa de Madrid
309,CABK,Bolsa de Madrid
310,DIAm,Bolsa de Madrid
311,ELE,Bolsa de Madrid
312,ENG,Bolsa de Madrid
313,FCC,Bolsa de Madrid
314,FER,Bolsa de Madrid
315,SGRE,Bolsa de Madrid
316,NTGY,Bolsa de Madrid
317,GRF,Bolsa de Madrid
318,IBE,Bolsa de Madrid
319,IDR,Bolsa de Madrid
320,ITX,Bolsa de Madrid
321,MAP,Bolsa de Madrid
322,OHLA,Bolsa de Madrid
323,REE.MC,Bolsa de Madrid
324,REP.MC,Bolsa de Madrid
325,SAB,Bolsa de Madrid
326,SCYR,Bolsa de Madrid
327,TL5,Bolsa de Madrid
328,TRE,Bolsa de Madrid
329,OGZDL,LSE
330,LKODL,LSE
331,MGNTL,LSE
332,MNODL,LSE
333,NVTKL,LSE
334,ROSNL,LSE
335,SBERL,LSE
336,SVSTL,LSE
337,SGGD.L,LSE
338,ATADL,LSE
339,NTES,Nasdaq
340,JD,Nasdaq
341,TCOM,Nasdaq
342,ATHM,NYSE
343,JOBS,Nasdaq
344,MOMO,NASDAQ
345,TTWO,NASDAQ
346,NESN,SIX
347,ROG,SIX
348,CSGN,SIX
349,ABBN,SIX
350,ADEN,SIX
351,BAER,SIX
352,CFR,SIX
353,GEBN,SIX
354,GIVN,SIX
355,HOLN,SIX
356,SCMN,SIX
357,SGSN,SIX
358,SLHN,SIX
359,SREN,SIX
360,UBSG,SIX
361,UHR,SIX
362,ZURN,SIX
363,ACN,NYSE
364,AAL,Nasdaq
365,ABBV,NYSE
366,BIIB,Nasdaq
367,VIAC,Nasdaq
368,CMCSA,Nasdaq
369,COF,NYSE
370,COST,Nasdaq
371,CVS,NYSE
372,GILD,Nasdaq
373,GPRO,Nasdaq
374,GS,NYSE
375,HON,Nasdaq
376,K,NYSE
377,CPRI,NYSE
378,LOW,NYSE
379,M,NYSE
380,MCK,NYSE
381,MDT,NYSE
382,MET,NYSE
383,BKNG,Nasdaq
384,PM,NYSE
385,PSX,NYSE
386,PYPL,Nasdaq
387,QCOM,Nasdaq
388,RDS.B,NYSE
389,SHAK,NYSE
390,TGT,NYSE
391,TTM,NYSE
392,UNP,NYSE
393,UPS,NYSE
394,WBA,Nasdaq
395,WFC,NYSE
396,WMB,NYSE
397,VLO,NYSE
398,ABC,NYSE
399,KR,NYSE
400,GM,NYSE
401,MPC,NYSE
402,CAH,NYSE
403,ANTM,NYSE
404,FMC,NYSE
405,AIG,NYSE
406,COP,NYSE
407,ET,NYSE
408,HUM,NYSE
409,EPD,NYSE
410,SYY,NYSE
411,JCI,NYSE
412,PAGP,Nasdaq
413,INT,NYSE
414,BBY,NYSE
415,DAL,NYSE
416,HCA,NYSE
417,UAL,Nasdaq
418,TSN,NYSE
419,DE,NYSE
420,ALL,NYSE
421,CI,NYSE
422,MDLZ,Nasdaq
423,SNEX,Nasdaq
424,HAL,NYSE
425,GD,NYSE
426,TJX,NYSE
427,AVT,Nasdaq
428,EXC,Nasdaq
429,IP,NYSE
430,QRTEA,Nasdaq
431,DUK,NYSE
432,RAD,NYSE
433,EMR,NYSE
434,NOC,NYSE
435,NOV,NYSE
436,ARW,NYSE
437,AFL,NYSE
438,ABT,NYSE
439,CYH,NYSE
440,FLR.US,NYSE
441,FCX,NYSE
442,USB,NYSE
443,NUE,NYSE
444,KMB,NYSE
445,HES,NYSE
446,XRX,Nasdaq
447,MAN,NYSE
448,DHR,NYSE
449,WHR,NYSE
450,PBF,NYSE
451,HFC,NYSE
452,LLY,NYSE
453,DVN,NYSE
454,PGR,NYSE
455,CMI,NYSE
456,IEP,Nasdaq
457,KSS,NYSE
458,PCAR,Nasdaq
459,HIG,NYSE
460,LUV,NYSE
461,SO,NYSE
462,GT,Nasdaq
463,EOG,NYSE
464,LUMN,NYSE
465,MO,NYSE
466,THC,NYSE
467,GIS,NYSE
468,CAG,NYSE
469,LEA,NYSE
470,X,NYSE
471,PAG,NYSE
472,AES,NYSE
473,GLP,NYSE
474,TMO,NYSE
475,PCG,NYSE
476,NEE,NYSE
477,AEP,Nasdaq
478,BAX,NYSE
479,CNC,NYSE
480,BK,NYSE
481,JBL,NYSE
482,PNC,NYSE
483,KMI,NYSE
484,ODP,Nasdaq
485,BMY,NYSE
486,NRG,NYSE
487,PPG,NYSE
488,GPC,NYSE
489,OMC,NYSE
490,ITW,NYSE
491,MUSA,NYSE
492,FE,NYSE
493,ARMK,NYSE
494,DISH,Nasdaq
495,L,NYSE
496,ECL,NYSE
497,CB,NYSE
498,WM,NYSE
499,APA,Nasdaq
500,TXT,NYSE
501,SNX.US,NYSE
502,LNC,NYSE
503,JWN,NYSE
504,CHRW,Nasdaq
505,EIX,NYSE
506,YUM,NYSE
507,PH,NYSE
508,DVA,NYSE
509,KMX,NYSE
510,TXN,Nasdaq
511,MMC,NYSE
512,ED,NYSE
513,OKE,NYSE
514,J,NYSE
515,CSX,Nasdaq
516,ETR,NYSE
517,D,NYSE
518,JEF,NYSE
519,AMP.US,NYSE
520,VFC,NYSE
521,ADP,Nasdaq
522,CDW,Nasdaq
523,XEL,Nasdaq
524,NSC,NYSE
525,PPL,NYSE
526,RRD,NYSE
527,HUN,NYSE
528,BBBY,Nasdaq
529,SWK,NYSE
530,BBWI,NYSE
531,SHW,NYSE
532,BLK,NYSE
533,ROST,Nasdaq
534,SRE,NYSE
535,EL,NYSE
536,RGA,NYSE
537,PEG,NYSE
538,STT,NYSE
539,UNM,NYSE
540,HLT,NYSE
541,PFG,Nasdaq
542,RS,NYSE
543,APD,NYSE
544,AIZ,NYSE
545,HSIC,Nasdaq
546,CTSH,Nasdaq
547,MGM,NYSE
548,GWW,NYSE
549,GPI,NYSE
550,TFC,NYSE
551,AAP,NYSE
552,ALLY,NYSE
553,AGCO,NYSE
554,GLW,NYSE
555,SYK,NYSE
556,MOH,NYSE
557,DFS,NYSE
558,GNW,NYSE
559,EMN,NYSE
560,AZO,NYSE
561,OMI,NYSE
562,HRL,NYSE
563,GME,NYSE
564,CNP,NYSE
565,FNF,NYSE
566,SAH,NYSE
567,CHTR,Nasdaq
568,CCK,NYSE
569,AMAT,Nasdaq
570,CBRE,NYSE
571,RSG,NYSE
572,UHS,NYSE
573,DRI,NYSE
574,STLD,Nasdaq
575,TRGP,NYSE
576,DLTR,Nasdaq
577,NWSA,Nasdaq
578,BLL,NYSE
579,MAS,NYSE
580,BEN,NYSE
581,BDX,NYSE
582,CPB,NYSE
583,ACM,NYSE
584,VC,Nasdaq
585,DK,NYSE
586,DOV,NYSE
587,BWA,NYSE
588,UGI,NYSE
589,MUR,NYSE
590,PVH,NYSE
591,DHI,NYSE
592,WY,NYSE
593,KKR,NYSE
594,FTI,NYSE
595,SPTN,Nasdaq
596,WCC,NYSE
597,PWR,NYSE
598,MHK,NYSE
599,LEN,NYSE
600,TA,Nasdaq
601,SEE,NYSE
602,ES,NYSE
603,CCEP,NYSE
604,ASH,NYSE
605,IPG,NYSE
606,BX,NYSE
607,DGX,NYSE
608,NEM,NYSE
609,ORLY,Nasdaq
610,CASY,Nasdaq
611,CMS,NYSE
612,FL,NYSE
613,CMC,NYSE
614,A,NYSE
615,HII,NYSE
616,LYV,NYSE
617,DKS,NYSE
618,OSK,NYSE
619,CE,NYSE
620,SPR,NYSE
621,UNFI,NYSE
622,OI,NYSE
623,DDS,NYSE
624,LKQ,Nasdaq
625,NLOK,Nasdaq
626,R,NYSE
627,ROK,NYSE
628,DAN,NYSE
629,NCR,NYSE
630,EXPD,Nasdaq
631,FITB,Nasdaq
632,NI,NYSE
633,EME,NYSE
634,FIS,NYSE
635,KBR,NYSE
636,AVY,NYSE
637,NTAP,Nasdaq
638,DISCA,Nasdaq
639,SANM,Nasdaq
640,JBHT,Nasdaq
641,SCHW,NYSE
642,AEE,NYSE
643,MAT,Nasdaq
644,LH,NYSE
645,SPB,NYSE
646,ABG,NYSE
647,PKG,NYSE
648,PHM,NYSE
649,JBLU,Nasdaq
650,NWL,Nasdaq
651,CLMT,Nasdaq
652,EXPE,Nasdaq
653,AFG,NYSE
654,URI,NYSE
655,INGR,NYSE
656,NAVI,Nasdaq
657,SJM,NYSE
658,CLX,NYSE
659,ORI,NYSE
660,AMD,Nasdaq
661,BAH,NYSE
662,IQV,NYSE
663,WYNN,Nasdaq
664,JLL,NYSE
665,RF,NYSE
666,LAD,NYSE
667,CRM,NYSE
668,ALK,NYSE
669,HST,Nasdaq
670,APH,NYSE
671,RLGY,NYSE
672,HBI,NYSE
673,PXD,NYSE
674,TNL,NYSE
675,OC,NYSE
676,Y,NYSE
677,SPGI,NYSE
678,BIG,NYSE
679,MKL,NYSE
680,LDOS,NYSE
681,THG,NYSE
682,FISV,Nasdaq
683,ABM,NYSE
684,SON,NYSE
685,LHX,NYSE
686,TDS,NYSE
687,WEC,NYSE
688,RJF,NYSE
689,BERY,NYSE
690,CINF,Nasdaq
691,ATO,NYSE
692,FLS,NYSE
693,SPG,NYSE
694,BURL,NYSE
695,TPR,NYSE
696,CLR,NYSE
697,Z,Nasdaq
698,CF,NYSE
699,MTB,NYSE
700,WSM,NYSE
701,RHI,NYSE
702,FAF,NYSE
703,MDU,NYSE
704,JNPR,NYSE
705,AJG,NYSE
706,CFX,NYSE
707,MTZ,NYSE
708,LRCX,Nasdaq
709,CTAS,Nasdaq
710,COTY,NYSE
711,ANDE,Nasdaq
712,NTRS,Nasdaq
713,INTU,Nasdaq
714,TPC,NYSE
715,PII,NYSE
716,RACE,NYSE
717,NVR,NYSE
718,FWONA,Nasdaq
719,ENR,NYSE
720,BLMN,Nasdaq
721,WLK,NYSE
722,H,NYSE
723,FBHS,NYSE
724,RPM,NYSE
725,KEY,NYSE
726,KNX,NYSE
727,HAS,Nasdaq
728,RFP,NYSE
729,MKC,NYSE
730,GPK,NYSE
731,GEF,NYSE
732,ATI,NYSE
733,TAP,NYSE
734,CNO,NYSE
735,CMG,NYSE
736,AMT,NYSE
737,BC,NYSE
738,PDCO,Nasdaq
739,SWN,NYSE
740,AME,NYSE
741,TROW,Nasdaq
742,GL,NYSE
743,DAR,NYSE
744,LEG,NYSE
745,WSO,NYSE
746,XYL,NYSE
747,SLGN,Nasdaq
748,TOL,NYSE
749,MTW,NYSE
750,ARGO,NYSE
751,MAR,Nasdaq
752,SQ,NYSE
753,MTCH,Nasdaq
754,SEDG,Nasdaq
755,NTDOY,Nasdaq
756,REGN,NASDAQ
757,SGMO,NASDAQ
758,NTLA,NASDAQ
759,EDIT,NASDAQ
760,MS,NYSE
761,CLLS,NASDAQ
762,RMS,Euronext Paris
763,SNAP,NYSE
764,AAL,LSE
765,ABF,LSE
766,ADM,LSE
767,AHT,LSE
768,ANTO,LSE
769,AV,LSE
770,AZN,LSE
771,BAB,LSE
772,BARC,LSE
773,BATS,LSE
774,BLND,LSE
775,BHP,LSE
776,BNZL,LSE
777,BP,LSE
778,BRBY,LSE
779,BT,LSE
780,CCH,LSE
781,CCL,LSE
782,CNA,LSE
783,CPG,LSE
784,CPI,LSE
785,DGE,LSE
786,EXPN,LSE
787,EZJ,LSE
788,FRES,LSE
789,GLEN,LSE
790,GSK,LSE
791,HL,LSE
792,HMSO,LSE
793,HSBA,LSE
794,IAG,LSE
795,IMI,LSE
796,IMB,LSE
797,ITRK,LSE
798,ITV,LSE
799,JMAT,LSE
800,KGF,LSE
801,LAND,LSE
802,LGEN,LSE
803,LLOY,LSE
804,LSEG,LSE
805,MGGT,LSE
806,MKS,LSE
807,MNDI,LSE
808,MRO,LSE
809,MRW,LSE
810,NG,LSE
811,NXT,LSE
812,PFC,LSE
813,PRU,LSE
814,PSN,LSE
815,PSON,LSE
816,RKT,LSE
817,NWG,LSE
818,REL,LSE
819,RIO,LSE
820,RMG,LSE
821,RR,LSE
822,SBRY,LSE
823,SDR,LSE
824,ABDN.L,LSE
825,SMIN,LSE
826,SN,LSE
827,FRAS,LSE
828,SSE,LSE
829,STAN,LSE
830,SVT,LSE
831,TATE,LSE
832,TLW,LSE
833,TPK,LSE
834,TSCO,LSE
835,ULVR,LSE
836,UU,LSE
837,WEIR,LSE
838,FERG,LSE
839,WPP,LSE
840,WTB,LSE
841,DMGT,LSE
842,III,LSE
843,BDEV.L,LSE
844,CRDA.L,LSE
845,DCC.L,LSE
846,DLG.L,LSE
847,INF.L,LSE
848,MCRO.L,LSE
849,FLTR,LSE
850,RTO.L,LSE
851,SGRO.L,LSE
852,SKG.L,LSE
853,SMT.L,LSE
854,TUI.L,LSE
855,TW.L,LSE
856,QLT.L,LSE
857,MDC.L,LSE
858,AML.L,LSE
859,FEVR.L,LSE
860,ASC.L,LSE
861,RDSB.L,LSE
862,AVST.L,LSE
863,SMSN.L,LSE
864,TRN,LSE
865,AKSO,OSE
866,BWLPG,OSE
867,DNB,OSE
868,DNO,OSE
869,GJF,OSE
870,GOGL.OL,OSE
871,MOWI,OSE
872,NHY,OSE
873,NAS,OSE
874,ORK,OSE
875,PGS,OSE
876,PRS,OSE
877,STB,OSE
878,SUBC,OSE
879,TEL,OSE
880,TGS,OSE
881,YAR,OSE
882,ERIC-A,STO
883,TELIA,STO
884,NDA_SE,STO
885,VOLV-A,STO
886,SEB-A,STO
887,SAND,STO
888,HM-B,STO
889,SHB-A,STO
890,SKF-A,STO
891,SWED-A,STO
892,ASSA-B,STO
893,ATCO-A,STO
894,BOL,STO
895,ALFA,STO
896,SECU-B,STO
897,SKA-B,STO
898,INVE-A,STO
899,LUNE.ST,STO
900,TREL-B,STO
901,SWMA,STO
902,HEXA-B,STO
903,ICA,STO
904,INDU-A,STO
905,LUND-B,STO
906,SANT.DE,FRA
907,NOVO-B,CSE
908,DANSKE,CSE
909,ORSTED,CSE
910,VWS,CSE
911,NZYM-B,CSE
912,PNDORA,CSE
913,TRYG,CSE
914,DSV,CSE
915,DEMANT,CSE
916,ISS,CSE
917,LUN,CSE
918,GMAB,CSE
919,COLO-B,CSE
920,CHR,CSE
921,SSABAH,HEL
922,FORTUM,HEL
923,UPM,HEL
924,NESTE,HEL
925,KNEBV,HEL
926,SAMPO,HEL
927,ELISA,HEL
928,TYRES,HEL
929,WRT1V,HEL
930,0939.HK,Hong Kong Exchanges
931,3988.HK,Hong Kong Exchanges
932,1398.HK,Hong Kong Exchanges
933,1288.HK,Hong Kong Exchanges
934,0386.HK,Hong Kong Exchanges
935,0883.HK,Hong Kong Exchanges
936,2007.HK,Hong Kong Exchanges
937,0998.HK,Hong Kong Exchanges
938,1988.HK,Hong Kong Exchanges
939,1339.HK,Hong Kong Exchanges
940,3323.HK,Hong Kong Exchanges
941,1359.HK,Hong Kong Exchanges
942,0992.HK,Hong Kong Exchanges
943,1088.HK,Hong Kong Exchanges
944,1171.HK,Hong Kong Exchanges
945,1800.HK,Hong Kong Exchanges
946,2318.HK,Hong Kong Exchanges
947,3800.HK,Hong Kong Exchanges
948,0902.HK,Hong Kong Exchanges
949,2328.HK,Hong Kong Exchanges
950,0762.HK,Hong Kong Exchanges
951,0728.HK,Hong Kong Exchanges
952,1816.HK,Hong Kong Exchanges
953,2899.HK,Hong Kong Exchanges
954,2628.HK,Hong Kong Exchanges
955,1898.HK,Hong Kong Exchanges
956,3328.HK,Hong Kong Exchanges
957,0753.HK,Hong Kong Exchanges
958,0968.HK,Hong Kong Exchanges
959,0688.HK,Hong Kong Exchanges
960,2333.HK,Hong Kong Exchanges
961,2883.HK,Hong Kong Exchanges
962,0916.HK,Hong Kong Exchanges
963,1299.HK,Hong Kong Exchanges
964,0390.HK,Hong Kong Exchanges
965,2338.HK,Hong Kong Exchanges
966,2601.HK,Hong Kong Exchanges
967,3968.HK,Hong Kong Exchanges
968,0700.HK,Hong Kong Exchanges
969,2238.HK,Hong Kong Exchanges
970,1966.HK,Hong Kong Exchanges
971,0941.HK,Hong Kong Exchanges
972,0489.HK,Hong Kong Exchanges
973,6030.HK,Hong Kong Exchanges
974,1628.HK,Hong Kong Exchanges
975,0914.HK,Hong Kong Exchanges
976,0656.HK,Hong Kong Exchanges
977,1618.HK,Hong Kong Exchanges
978,1109.HK,Hong Kong Exchanges
979,1186.HK,Hong Kong Exchanges
980,00001.HK,Hong Kong Exchanges
981,00002.HK,Hong Kong Exchanges
982,00006.HK,Hong Kong Exchanges
983,00011.HK,Hong Kong Exchanges
984,00016.HK,Hong Kong Exchanges
985,00017.HK,Hong Kong Exchanges
986,00019.HK,Hong Kong Exchanges
987,00027.HK,Hong Kong Exchanges
988,00135.HK,Hong Kong Exchanges
989,00175.HK,Hong Kong Exchanges
990,00241.HK,Hong Kong Exchanges
991,00257.HK,Hong Kong Exchanges
992,00268.HK,Hong Kong Exchanges
993,00285.HK,Hong Kong Exchanges
994,00322.HK,Hong Kong Exchanges
995,00384.HK,Hong Kong Exchanges
996,00388.HK,Hong Kong Exchanges
997,00763.HK,Hong Kong Exchanges
998,00788.HK,Hong Kong Exchanges
999,00857.HK,Hong Kong Exchanges
1000,00880.HK,Hong Kong Exchanges
1001,00966.HK,Hong Kong Exchanges
1002,00981.HK,Hong Kong Exchanges
1003,01055.HK,Hong Kong Exchanges
1004,01093.HK,Hong Kong Exchanges
1005,01113.HK,Hong Kong Exchanges
1006,01114.HK,Hong Kong Exchanges
1007,01128.HK,Hong Kong Exchanges
1008,01177.HK,Hong Kong Exchanges
1009,01211.HK,Hong Kong Exchanges
1010,01336.HK,Hong Kong Exchanges
1011,01928.HK,Hong Kong Exchanges
1012,02018.HK,Hong Kong Exchanges
1013,02020.HK,Hong Kong Exchanges
1014,02196.HK,Hong Kong Exchanges
1015,02269.HK,Hong Kong Exchanges
1016,02313.HK,Hong Kong Exchanges
1017,02319.HK,Hong Kong Exchanges
1018,02382.HK,Hong Kong Exchanges
1019,02386.HK,Hong Kong Exchanges
1020,02388.HK,Hong Kong Exchanges
1021,02688.HK,Hong Kong Exchanges
1022,03333.HK,Hong Kong Exchanges
1023,03690.HK,Hong Kong Exchanges
1024,03908.HK,Hong Kong Exchanges
1025,03993.HK,Hong Kong Exchanges
1026,06060.HK,Hong Kong Exchanges
1027,06837.HK,Hong Kong Exchanges
1028,06862.HK,Hong Kong Exchanges
1029,06881.HK,Hong Kong Exchanges
1030,06886.HK,Hong Kong Exchanges
1031,9988.HK,Hong Kong Exchanges
1032,1958.HK,Hong Kong Exchanges
1033,1585.HK,Hong Kong Exchanges
1034,3.HK,Hong Kong Exchanges
1035,12.HK,Hong Kong Exchanges
1036,83.HK,Hong Kong Exchanges
1037,101.HK,Hong Kong Exchanges
1038,151.HK,Hong Kong Exchanges
1039,1801.HK,Hong Kong Exchanges
1040,341.HK,Hong Kong Exchanges
1041,669.HK,Hong Kong Exchanges
1042,823.HK,Hong Kong Exchanges
1043,1038.HK,Hong Kong Exchanges
1044,1044.HK,Hong Kong Exchanges
1045,1317.HK,Hong Kong Exchanges
1046,1530.HK,Hong Kong Exchanges
1047,1797.HK,Hong Kong Exchanges
1048,1873.HK,Hong Kong Exchanges
1049,1997.HK,Hong Kong Exchanges
1050,2013.HK,Hong Kong Exchanges
1051,6185.HK,Hong Kong Exchanges
1052,778.HK,Hong Kong Exchanges
1053,9618.HK,Hong Kong Exchanges
1054,9926.HK,Hong Kong Exchanges
1055,200.HK,Hong Kong Exchanges
1056,HDD,FRA
1057,AIXA,FRA
1058,O2D,FRA
1059,CEC,FRA
1060,EVT,FRA
1061,KGX,FRA
1062,SHA,FRA
1063,UN01,FRA
1064,NDX1,FRA
1065,SGL,FRA
1066,EVK,FRA
1067,DWNI,FRA
1068,LXS,FRA
1069,QGEN,FRA
1070,1COV,FRA
1071,G1A,FRA
1072,WDI,FRA
1073,ZAL,FRA
1074,SZU,FRA
1075,GYC,FRA
1076,TEG,FRA
1077,GXI,FRA
1078,FNTN,FRA
1079,GBF,FRA
1080,AOX,FRA
1081,SZG,FRA
1082,BNR,FRA
1083,ARL,FRA
1084,PAT,FRA
1085,UTDI,FRA
1086,LEO,FRA
1087,WAF,FRA
1088,SY1,FRA
1089,RRTL.DE,FRA
1090,SOW,FRA
1091,DEQ,FRA
1092,HLE,FRA
1093,HLAG,FRA
1094,ZIL2,FRA
1095,OSR,FRA
1096,BOSS,FRA
1097,MOR,FRA
1098,1U1.DE,FRA
1099,EVD,FRA
1100,SHL.DE,FRA
1101,VNA.DE,FRA
1102,HNR1.DE,FRA
1103,KBX.DE,FRA
1104,SRT.DE,FRA
1105,MTX.DE,FRA
1106,HOT.DE,FRA
1107,TLX.DE,FRA
1108,AT1.DE,FRA
1109,AFX.DE,FRA
1110,LEG.DE,FRA
1111,FRA.DE,FRA
1112,RAA.DE,FRA
1113,DHER.DE,FRA
1114,DWS.DE,FRA
1115,NEM.DE,FRA
1116,B4B.DE,FRA
1117,FIE.DE,FRA
1118,G24.DE,FRA
1119,WCH.DE,FRA
1120,GLJ.DE,FRA
1121,SIX2.DE,FRA
1122,BC8.DE,FRA
1123,PSM.DE,FRA
1124,SAX.DE,FRA
1125,COP.DE,FRA
1126,TLG.DE,FRA
1127,KRN.DE,FRA
1128,DUE.DE,FRA
1129,ADJ.DE,FRA
1130,NDA.DE,FRA
1131,PUM.DE,FRA
1132,RHM.DE,FRA
1133,VOE.DE,FRA
1134,JEN.DE,FRA
1135,JUN3.DE,FRA
1136,SFT,OTC Markets Stock Exchange
1137,HILS,LSE
1138,MGAM,LSE
1139,COA,LSE
1140,DPH,LSE
1141,MSLH,LSE
1142,HWDN,LSE
1143,SNR,LSE
1144,OSB,LSE
1145,SXS,LSE
1146,SPX,LSE
1147,TCAP,LSE
1148,FSJ,LSE
1149,BBY.L,LSE
1150,RMV,LSE
1151,SHI,LSE
1152,SYNT.L,LSE
1153,HAS,LSE
1154,RCP,LSE
1155,UTG,LSE
1156,SMDS,LSE
1157,HTG,LSE
1158,BOY,LSE
1159,ESNT.L,LSE
1160,IGG,LSE
1161,DTY,LSE
1162,RNK,LSE
1163,RSW.L,LSE
1164,PTEC,LSE
1165,CRST,LSE
1166,RDW,LSE
1167,DRX,LSE
1168,CCC,LSE
1169,ESKN,LSE
1170,DLN,LSE
1171,RTN.L,LSE
1172,BCPT,LSE
1173,POLY.L,LSE
1174,IWG,LSE
1175,CAPC,LSE
1176,GFTU,LSE
1177,TMPL,LSE
1178,CKN,LSE
1179,GRG,LSE
1180,ELM,LSE
1181,RAT,LSE
1182,PAGE,LSE
1183,SVS,LSE
1184,PHNX,LSE
1185,SGC,LSE
1186,ULE,LSE
1187,NEX,LSE
1188,ASCL,LSE
1189,CEY,LSE
1190,LMP,LSE
1191,AUTO,LSE
1192,ATST,LSE
1193,HOC,LSE
1194,WG,LSE
1195,GEN,LSE
1196,HIK,LSE
1197,CURY,LSE
1198,HICL,LSE
1199,FDM,LSE
1200,CINE,LSE
1201,ROR,LSE
1202,BKG,LSE
1203,TRIG,LSE
1204,EVR,LSE
1205,IBST,LSE
1206,EMG,LSE
1207,REDD,LSE
1208,HSX,LSE
1209,FXPO,LSE
1210,VSVS,LSE
1211,UKCM,LSE
1212,LRE,LSE
1213,PZC,LSE
1214,INCH,LSE
1215,DOM,LSE
1216,HFD,LSE
1217,MONY,LSE
1218,QQ,LSE
1219,BEZ,LSE
1220,JUP,LSE
1221,INVP,LSE
1222,CTY,LSE
1223,BBOX,LSE
1224,SAFE,LSE
1225,HLMA,LSE
1226,SMWH,LSE
1227,WKP,LSE
1228,HSV,LSE
1229,PNN,LSE
1230,BWNG,LSE
1231,TEP,LSE
1232,MNKS,LSE
1233,FCIT,LSE
1234,PAG.L,LSE
1235,CWK,LSE
1236,BME.L,LSE
1237,BGEO,LSE
1238,BYG,LSE
1239,PAY,LSE
1240,MTO,LSE
1241,JD.L,LSE
1242,MRC,LSE
1243,ECM,LSE
1244,AGR.L,LSE
1245,TEM,LSE
1246,INDV,LSE
1247,3IN,LSE
1248,ICP.L,LSE
1249,SHB,LSE
1250,PETS,LSE
1251,NRR,LSE
1252,TBCG,LSE
1253,VCT,LSE
1254,SPI,LSE
1255,GRI,LSE
1256,CSP,LSE
1257,GPOR,LSE
1258,GNC.L,LSE
1259,SSPG,LSE
1260,BVIC,LSE
1261,MAB,LSE
1262,DPLM,LSE
1263,ERM,LSE
1264,MARS,LSE
1265,BRW,LSE
1266,BWY,LSE
1267,TED,LSE
1268,BAG,LSE
1269,SAGA,LSE
1270,JUST,LSE
1271,CARD,LSE
1272,JDW,LSE
1273,INPP,LSE
1274,SNN,LSE
1275,ENT,LSE
1276,KIE,LSE
1277,SCT,LSE
1278,GOG,LSE
1279,CBG,LSE
1280,DNLM,LSE
1281,VTY,LSE
1282,GFRD,LSE
1283,ASHM,LSE
1284,GNS,LSE
1285,SRP,LSE
1286,PDL,LSE
1287,NOG,LSE
1288,HVPE,LSE
1289,FGP,LSE
1290,CNE,LSE
1291,FEML,LSE
1292,WIZZ,LSE
1293,OCDO,LSE
1294,MTRO,LSE
1295,AVV,LSE
1296,PSH,LSE
1297,VMUK,LSE
1298,IPO,LSE
1299,VOF,LSE
1300,TIFS,LSE
1301,SDRY,LSE
1302,SEQI,LSE
1303,SDP,LSE
1304,RHIM,LSE
1305,RWI,LSE
1306,PFG.L,LSE
1307,PHP,LSE
1308,PIN,LSE
1309,OTB,LSE
1310,JEO,LSE
1311,GAW,LSE
1312,EQN,LSE
1313,DGN,LSE
1314,CTEC,LSE
1315,GLO,LSE
1316,BAKK,LSE
1317,888,LSE
1318,SPT.L,LSE
1319,SPY5.L,LSE
1320,UDVD,LSE
1321,SPY,NYSE
1322,EEM,NYSE
1323,GDX,NYSE
1324,EWJ,NYSE
1325,XLF,NYSE
1326,IWM,NYSE
1327,QQQ,Nasdaq
1328,USO,NYSE
1329,XLE,NYSE
1330,EFA,NYSE
1331,FXI,NYSE
1332,RSX,Nasdaq
1333,EWZ,NYSE
1334,XLU,NYSE
1335,GDXJ,NYSE
1336,IYR,NYSE
1337,XOP,NYSE
1338,XLV,NYSE
1339,UNG,NYSE
1340,XLI,NYSE
1341,TLT,Nasdaq
1342,XLK,NYSE
1343,XLP,NYSE
1344,HYG,NYSE
1345,XLY,NYSE
1346,GLD,NYSE
1347,DIA,NYSE
1348,SSO,NYSE
1349,IBB,Nasdaq
1350,MDY,NYSE
1351,LQDE,LSE
1352,IAEX,LSE
1353,IAPD,LSE
1354,SWDA,LSE
1355,IEML,LSE
1356,ISF,LSE
1357,IFFF,LSE
1358,IBZL,LSE
1359,IDEM,LSE
1360,IMEU,LSE
1361,IJPE,LSE
1362,ITWN,LSE
1363,IUSA,LSE
1364,IUKP,LSE
1365,SHY,Nasdaq
1366,IEF,Nasdaq
1367,DBA,NYSE
1368,CORN,NYSE
1369,WEAT,NYSE
1370,UGA,NYSE
1371,RWR,NYSE
1372,EWY,NYSE
1373,EWW,NYSE
1374,EWT,NYSE
1375,LQD,NYSE
1376,BOND,NYSE
1377,IVV,NYSE
1378,IEFA,CBOE
1379,AGG,NYSE
1380,IEMG,NYSE
1381,IJH,NYSE
1382,IJR,NYSE
1383,ITOT,NYSE
1384,IXUS,NASDAQ
1385,HDV,NYSE
1386,IUSG,NASDAQ
1387,IUSV,NASDAQ
1388,DGRO,NYSE
1389,IEUR,NYSE
1390,IUSB,NASDAQ
1391,ISTB,NASDAQ
1392,AOR,NYSE
1393,IPAC,NYSE
1394,IDEV,NYSE
1395,AOA,NYSE
1396,IAGG,CBOE
1397,USRT,NYSE
1398,AOK,NYSE
1399,ILTB,NYSE
1400,IMTB,NYSE
1401,VXX,Nasdaq
1402,AMZA,NYSE
1403,ARKF,NYSE
1404,ARKK,NYSE
1405,ARKW,NYSE
1406,BAR,NYSE
1407,BLOK,NYSE
1408,BLV,NYSE
1409,BRZU,NYSE
1410,CQQQ,NYSE
1411,DBO,NYSE
1412,DFEN,NYSE
1413,DIV,NYSE
1414,DJP,NYSE
1415,DRIP,NYSE
1416,DUST,NYSE
1417,ERX,NYSE
1418,EWL,NYSE
1419,EWN,NYSE
1420,FAS,NYSE
1421,FIVG,NYSE
1422,FNGU,NYSE
1423,FREL,NYSE
1424,FTEC,NYSE
1425,GLDM,NYSE
1426,GUSH,NYSE
1427,IHI,NYSE
1428,IXJ,NYSE
1429,JDST,NYSE
1430,JETS,NYSE
1431,JNUG,NYSE
1432,LABD,NYSE
1433,LABU.US,NYSE
1434,LIT,NYSE
1435,NAIL,NYSE
1436,NRGU,NYSE
1437,NUGT,NYSE
1438,OIH,NYSE
1439,OUSA,Nasdaq
1440,PALL,NYSE
1441,PGX,NYSE
1442,PHYS,NYSE
1443,PPLT,NYSE
1444,PSLV,NYSE
1445,REET,NYSE
1446,REML,NYSE
1447,SCHD,NYSE
1448,SCHE,NYSE
1449,SCHF,NYSE
1450,SCHX,NYSE
1451,SDIV,NYSE
1452,SDOW,NYSE
1453,SDS,NYSE
1454,SH,NYSE
1455,SOXL,NYSE
1456,SOXS,NYSE
1457,SPGP.L,LSE
1458,SPHD,NYSE
1459,SPXL,NYSE
1460,SPXS,NYSE
1461,SPXU,NYSE
1462,SPYD,NYSE
1463,SPYG,NYSE
1464,SRTY,NYSE
1465,SVXY,Nasdaq
1466,TAN,NYSE
1467,THD,NYSE
1468,TMF,NYSE
1469,TNA,NYSE
1470,UCO,NYSE
1471,UDOW,NYSE
1472,UPRO,NYSE
1473,USL,NYSE
1474,UVXY,Nasdaq
1475,VB,NYSE
1476,VBK,NYSE
1477,VBR,NYSE
1478,VFH,NYSE
1479,VHT,NYSE
1480,VIG,NYSE
1481,VO,NYSE
1482,VOOG,NYSE
1483,VOOV,NYSE
1484,VOX,NYSE
1485,VT.US,NYSE
1486,VTEB,NYSE
1487,YINN,NYSE
1488,GOLD,NYSE
1489,ACWI,NASDAQ
1490,AGRO,NYSE
1491,AKAM,NASDAQ
1492,ALLE,NYSE
1493,AMG,NYSE
1494,AN,NYSE
1495,ANSS,NASDAQ
1496,AXTA,NYSE
1497,BB,NYSE
1498,BSAC,NYSE
1499,BUD,NYSE
1500,CERN,NASDAQ
1501,CHDN,NASDAQ
1502,CIT,NYSE
1503,CME,NASDAQ
1504,COO,NYSE
1505,CRI,NYSE
1506,UNIT,NASDAQ
1507,CVI.N,NYSE
1508,CYBR,NASDAQ
1509,DCI,NYSE
1510,DNOW,NYSE
1511,DPZ,NYSE
1512,EAT,NYSE
1513,EPC,NYSE
1514,ESNT,NYSE
1515,MNDT,NASDAQ
1516,FLO,NYSE
1517,FLT,NYSE
1518,FTV,NYSE
1519,GDDY,NYSE
1520,GHC,NYSE
1521,GIB,NYSE
1522,GLPI,NASDAQ
1523,GRMN,NASDAQ
1524,GSAT,NYSE
1525,HAIN,NASDAQ
1526,HLF,NYSE
1527,HRI,NYSE
1528,HSY,NYSE
1529,HTZZ,NYSE
1530,HUBS,NYSE
1531,IBKR,NASDAQ
1532,ICPT,NASDAQ
1533,ILMN,NASDAQ
1534,INCY,NASDAQ
1535,INFY,NYSE
1536,IONS,NASDAQ
1537,IPGP,NASDAQ
1538,TT,NYSE
1539,JAZZ,NASDAQ
1540,KHC,NASDAQ
1541,KRO,NYSE
1542,LAMR,NASDAQ
1543,LBTYA,NASDAQ
1544,LBTYK,NASDAQ
1545,LILA,NASDAQ
1546,LNG,NYSE
1547,LSXMA,NASDAQ
1548,MAA,NYSE
1549,MCO,NYSE
1550,MELI,NASDAQ
1551,WBT,NYSE
1552,MMYT,NASDAQ
1553,MNST,NASDAQ
1554,MWA,NYSE
1555,MXL,NYSE
1556,NATI,NASDAQ
1557,NEWR,NYSE
1558,NLSN,NYSE
1559,NUAN,NASDAQ
1560,NXPI,NASDAQ
1561,PAM,NYSE
1562,PANW,NYSE
1563,PBYI,Nasdaq
1564,POWI,NASDAQ
1565,PPC,NASDAQ
1566,PRGO,NYSE
1567,QSR,NYSE
1568,RIG,NYSE
1569,ROP,NYSE
1570,SAVE,NYSE
1571,SBAC,NASDAQ
1572,SBNY,NASDAQ
1573,SCI,NYSE
1574,SEIC,NASDAQ
1575,TMX,NYSE
1576,SGEN,NASDAQ
1577,SHOP,NYSE
1578,SIG,NYSE
1579,SRCL,NASDAQ
1580,ST,NYSE
1581,SU,NYSE
1582,SWBI,NASDAQ
1583,SWKS,NASDAQ
1584,SYNA,NASDAQ
1585,TDG,NYSE
1586,TPH,NYSE
1587,TPX,NYSE
1588,TRMB,NASDAQ
1589,UA,NYSE
1590,UI,NYSE
1591,VIAV,NASDAQ
1592,VIPS,NYSE
1593,VMW,NYSE
1594,VRSK,NASDAQ
1595,VRSN,NASDAQ
1596,VRTX,NASDAQ
1597,BHC,NYSE
1598,VSTO,NYSE
1599,W,NYSE
1600,WAT,NYSE
1601,WLTW,NASDAQ
1602,XRAY,NASDAQ
1603,YELP,NYSE
1604,ZEN,NYSE
1605,ZTS,NYSE
1606,BYD,NYSE
1607,SIX,NYSE
1608,WEN,NASDAQ
1609,CC,NYSE
1610,LAZ,NYSE
1611,CACC,NASDAQ
1612,RNR,NYSE
1613,AON,NYSE
1614,COMM,NASDAQ
1615,SBH,NYSE
1616,POST,NYSE
1617,OUT,NYSE
1618,MMI,NYSE
1619,FAST,NASDAQ
1620,CCU,NYSE
1621,FCPT,NYSE
1622,RMAX,NYSE
1623,AMP.MI,Borsa Italiana
1624,BGN.MI,Borsa Italiana
1625,BAMI,Borsa Italiana
1626,BRE.MI,Borsa Italiana
1627,DIA.MI,Borsa Italiana
1628,FBK.MI,Borsa Italiana
1629,IG.MI,Borsa Italiana
1630,JUVE.MI,Borsa Italiana
1631,PIRC.MI,Borsa Italiana
1632,PST.MI,Borsa Italiana
1633,REC.MI,Borsa Italiana
1634,UNI.MI,Borsa Italiana
1635,RDS.A,NYSE
1636,NVS,NYSE
1637,BHP,NYSE
1638,AVGO,NASDAQ
1639,VTI,NYSE
1640,VOO,NYSE
1641,AZN,Nasdaq
1642,RIO,NYSE
1643,LIN,NYSE
1644,PBR.A,NYSE
1645,BTI,NYSE
1646,ASML,NASDAQ
1647,DD,NYSE
1648,ITUB,NYSE
1649,ENB,NYSE
1650,VEA,NYSE
1651,ABEV,NYSE
1652,BBD,NYSE
1653,ISRG,NASDAQ
1654,VWO,NYSE
1655,SLB,NYSE
1656,TMUS,NASDAQ
1657,CCI,NYSE
1658,OXY,NYSE
1659,VTV,NYSE
1660,PLD,NYSE
1661,NOW,NYSE
1662,DELL,NYSE
1663,IWF,NYSE
1664,WDAY,NASDAQ
1665,ADI,NASDAQ
1666,EW,NYSE
1667,PRU,NYSE
1668,VUG,NYSE
1669,EQIX,NASDAQ
1670,IWD,NYSE
1671,PSA,NYSE
1672,BND,NASDAQ
1673,CCL,NYSE
1674,ETN,NYSE
1675,VNQ,NYSE
1676,LYB,NYSE
1677,XLNX,NASDAQ
1678,WELL,NYSE
1679,PAYX,NASDAQ
1680,SIRI,NASDAQ
1681,AVB,NYSE
1682,EQR,NYSE
1683,TEAM,NASDAQ
1684,BKR,NYSE
1685,DLR,NYSE
1686,ZBH,NYSE
1687,USMV,Nasdaq
1688,RCL,NYSE
1689,ANET,NYSE
1690,VCSH,NASDAQ
1691,BSV,NYSE
1692,ADM,NYSE
1693,VEU,NYSE
1694,ALGN,NASDAQ
1695,SYF,NYSE
1696,IVW,NYSE
1697,VCIT,NASDAQ
1698,DTE,NYSE
1699,VTR,NYSE
1700,INFO,NYSE
1701,APTV,NYSE
1702,O,NYSE
1703,LULU,NASDAQ
1704,GPN,NYSE
1705,TIP,NYSE
1706,HPE,NYSE
1707,MCHP,NASDAQ
1708,BXP,NYSE
1709,TAL,NYSE
1710,ULTA,NASDAQ
1711,KLAC,NASDAQ
1712,VGT,NYSE
1713,IWB,NYSE
1714,IDXX,NASDAQ
1715,SHV,NASDAQ
1716,SPLK,NASDAQ
1717,VEEV,NYSE
1718,IWR,NYSE
1719,AWK,NYSE
1720,CDNS,NASDAQ
1721,IAC,NASDAQ
1722,CHD,NYSE
1723,SNPS,NASDAQ
1724,DXC,NYSE
1725,MSCI,NYSE
1726,FRC,NYSE
1727,EMB,NASDAQ
1728,YUMC,NYSE
1729,TEVA,NYSE
1730,KEYS,NYSE
1731,FANG,NASDAQ
1732,TWLO,NYSE
1733,ATUS,NYSE
1734,VMC,NYSE
1735,CFG,NYSE
1736,FTNT,NASDAQ
1737,CGC,Nasdaq
1738,PFF,NASDAQ
1739,EVRG,NYSE
1740,NLY,NYSE
1741,EDU,NYSE
1742,IFF,NYSE
1743,VTRS,NASDAQ
1744,HBAN,NASDAQ
1745,MRO,NYSE
1746,STX,NASDAQ
1747,VGK,NYSE
1748,MRVL,NASDAQ
1749,CTXS,NASDAQ
1750,TRU,NYSE
1751,ABMD,NASDAQ
1752,VST,NYSE
1753,MLM,NYSE
1754,IAU,NYSE
1755,BR,NYSE
1756,NCLH,NYSE
1757,SIVB,NASDAQ
1758,WAB,NYSE
1759,CMA,NYSE
1760,ELAN,NYSE
1761,TSCO,NASDAQ
1762,KSU,NYSE
1763,MINT,NYSE
1764,EXAS,NASDAQ
1765,PAYC,NYSE
1766,CTRA,NYSE
1767,STNE,NASDAQ
1768,LW,NYSE
1769,DXCM,NASDAQ
1770,QUAL,Nasdaq
1771,OVV,NYSE
1772,WRK,NYSE
1773,SPLV,NYSE
1774,OKTA,NASDAQ
1775,FFIV,NASDAQ
1776,JNK,NYSE
1777,ADS,NYSE
1778,IWO,NYSE
1779,AMLP,NYSE
1780,IWN,NYSE
1781,ON,NASDAQ
1782,DOCU,NASDAQ
1783,TTD,NASDAQ
1784,SRPT,NASDAQ
1785,ZION,NASDAQ
1786,MTUM,Nasdaq
1787,ZS,NASDAQ
1788,CVNA,NYSE
1789,GWRE,NYSE
1790,MDB,NASDAQ
1791,BIL,NYSE
1792,OLED,NASDAQ
1793,ROKU,NASDAQ
1794,EZU,Nasdaq
1795,FIVE,NASDAQ
1796,NTNX,NASDAQ
1797,XPO,NYSE
1798,GH,NASDAQ
1799,CIEN,NYSE
1800,COUP,NASDAQ
1801,XLC,NYSE
1802,BKLN,NYSE
1803,INDA,Nasdaq
1804,SLV,NYSE
1805,XBI,NYSE
1806,MCHI,NASDAQ
1807,AAXJ,NASDAQ
1808,LITE,NASDAQ
1809,BHF,NASDAQ
1810,XLB,NYSE
1811,TNDM,NASDAQ
1812,EWH,NYSE
1813,XLRE,NYSE
1814,KRE,NYSE
1815,WLL,NYSE
1816,FEZ,NYSE
1817,EWG,NYSE
1818,ASHR,NYSE
1819,RH,NYSE
1820,KBE,NYSE
1821,KWEB,NYSE
1822,LNT,Nasdaq
1823,JKHY,NASDAQ
1824,XS6R.L,LSE
1825,XDJP.L,LSE
1826,SQQQ,NASDAQ
1827,TZA,NYSE
1828,FAZ,NYSE
1829,SOXX,NASDAQ
1830,SCO,NYSE
1831,TQQQ,NASDAQ
1832,SKYY,NASDAQ
1833,XCX5.L,LSE
1834,TSM,NYSE
1835,TME,NYSE
1836,PDD,NASDAQ
1837,WB,NASDAQ
1838,BILI,NASDAQ
1839,NIO,NYSE
1840,VOE,NYSE
1841,IWS,NYSE
1842,IJJ,NYSE
1843,MUB,NYSE
1844,VTIP,Nasdaq
1845,JPST,CBOE
1846,BNDX,Nasdaq
1847,NIU,Nasdaq
1848,AALB.NV,Euronext Amsterdam
1849,ABN.NV,Euronext Amsterdam
1850,ADYEN.NV,Euronext Amsterdam
1851,AGN.NV,Euronext Amsterdam
1852,AKZA.NV,Euronext Amsterdam
1853,AMG.NV,Euronext Amsterdam
1854,ARCAD.NV,Euronext Amsterdam
1855,ASM.NV,Euronext Amsterdam
1856,ASML.NV,Euronext Amsterdam
1857,ASRNL.NV,Euronext Amsterdam
1858,BESI.NV,Euronext Amsterdam
1859,BOKA.NV,Euronext Amsterdam
1860,DSM.NV,Euronext Amsterdam
1861,FLOW.NV,Euronext Amsterdam
1862,GVNV.NV,Euronext Amsterdam
1863,HEIA.NV,Euronext Amsterdam
1864,HEIO.NV,Euronext Amsterdam
1865,IMCD.NV,Euronext Amsterdam
1866,INTER.NV,Euronext Amsterdam
1867,KPN.NV,Euronext Amsterdam
1868,NN.NV,Euronext Amsterdam
1869,OCI.NV,Euronext Amsterdam
1870,PHIA.NV,Euronext Amsterdam
1871,PNL.NV,Euronext Amsterdam
1872,RAND.NV,Euronext Amsterdam
1873,SBMO.NV,Euronext Amsterdam
1874,LIGHT.NV,Euronext Amsterdam
1875,TKWY.NV,Euronext Amsterdam
1876,TWEKA.NV,Euronext Amsterdam
1877,TOM2.NV,Euronext Amsterdam
1878,VPK.NV,Euronext Amsterdam
1879,WHA.NV,Euronext Amsterdam
1880,WKL.NV,Euronext Amsterdam
1881,AD.NV,Euronext Amsterdam
1882,ATO.PA,Euronext Paris
1883,DSY.PA,Euronext Paris
1884,SW.PA,Euronext Paris
1885,STM.PA,Euronext Paris
1886,FTI.PA,Euronext Paris
1887,AF.PA,Euronext Paris
1888,AMUN.PA,Euronext Paris
1889,BB.PA,Euronext Paris
1890,BIM.PA,Euronext Paris
1891,BOL.PA,Euronext Paris
1892,BVI.PA,Euronext Paris
1893,CO.PA,Euronext Paris
1894,CNP.PA,Euronext Paris
1895,AM.PA,Euronext Paris
1896,FGR.PA,Euronext Paris
1897,ELIOR.PA,Euronext Paris
1898,ERF.PA,Euronext Paris
1899,ENX.PA,Euronext Paris
1900,FNAC.PA,Euronext Paris
1901,GNFT.PA,Euronext Paris
1902,GET.PA,Euronext Paris
1903,ADP.PA,Euronext Paris
1904,IPN.PA,Euronext Paris
1905,LI.PA,Euronext Paris
1906,MMB.PA,Euronext Paris
1907,MMT.PA,Euronext Paris
1908,NXI.PA,Euronext Paris
1909,POM.PA,Euronext Paris
1910,RCO.PA,Euronext Paris
1911,SK.PA,Euronext Paris
1912,SOP.PA,Euronext Paris
1913,SEV.PA,Euronext Paris
1914,TKTT.PA,Euronext Paris
1915,TCH.PA,Euronext Paris
1916,TFI.PA,Euronext Paris
1917,HO.PA,Euronext Paris
1918,TRI.PA,Euronext Paris
1919,UBI.PA,Euronext Paris
1920,VK.PA,Euronext Paris
1921,CDI.PA,Euronext Paris
1922,FSLY,NYSE
1923,GRWG,Nasdaq
1924,RPAY,Nasdaq
1925,NNOX,Nasdaq
1926,DOX,Nasdaq
1927,API,Nasdaq
1928,COHR,Nasdaq
1929,CRSR,Nasdaq
1930,CVET,Nasdaq
1931,ENTG,Nasdaq
1932,KC,Nasdaq
1933,MGNI,Nasdaq
1934,MANH,Nasdaq
1935,MIDD.US,Nasdaq
1936,ACI,NYSE
1937,BILL,NYSE
1938,DG.US,NYSE
1939,DT,NYSE
1940,ITT,NYSE
1941,KEX,NYSE
1942,RKT,NYSE
1943,FOUR,NYSE
1944,ASX,NYSE
1945,PLUS,LSE
1946,CMCX,LSE
1947,FVRR,NYSE
1948,CHWY,NYSE
1949,CRWD,Nasdaq
1950,FTCH,NYSE
1951,ACX.MC,Bolsa De Madrid
1952,AENA.MC,Bolsa De Madrid
1953,ALM.MC,Bolsa De Madrid
1954,APPS.MC,Bolsa De Madrid
1955,ENC.MC,Bolsa De Madrid
1956,GEST.MC,Bolsa De Madrid
1957,LOG.MC,Bolsa De Madrid
1958,MEL.MC,Bolsa De Madrid
1959,PHM.MC,Bolsa De Madrid
1960,PSG.MC,Bolsa De Madrid
1961,UNI.MC,Bolsa De Madrid
1962,VIS.MC,Bolsa De Madrid
1963,AKA.PA,Euronext Paris
1964,DBV.PA,Euronext Paris
1965,IRE.MI,Borsa Italiana
1966,MAERSKB.CO,Copenhagen Stock Exchange
1967,CGCBV.HE,Helsinki Stock Exchange
1968,HUH1V.HE,Helsinki Stock Exchange
1969,METSB.HE,Helsinki Stock Exchange
1970,NOKIA.HE,Helsinki Stock Exchange
1971,OUT1V.HE,Helsinki Stock Exchange
1972,MOCORP.HE,Helsinki Stock Exchange
1973,AMS.ZU,SIX
1974,LAND.ZU,SIX
1975,UBXN.ZU,SIX
1976,DAE.ZU,SIX
1977,SRAIL.ZU,SIX
1978,S92.DE,FRA
1979,KTOS,Nasdaq
1980,AMBA,Nasdaq
1981,HEI,NYSE
1982,AVAV,Nasdaq
1983,PARRO.PA,Euronext Paris
1984,DOYU,Nasdaq
1985,Ryanair,LSE
1986,CLA.PA,Euronext Paris
1987,HTZZW,OTC Markets Stock Exchange
1988,DEN,NYSE
1989,QFIN,Nasdaq
1990,ALRM,Nasdaq
1991,AVID,Nasdaq
1992,AXGN,Nasdaq
1993,BLDP,Nasdaq
1994,CAMP,Nasdaq
1995,CSIQ,Nasdaq
1996,CEVA,Nasdaq
1997,CNMD,NYSE
1998,WOLF,Nasdaq
1999,DENN,Nasdaq
2000,ENPH,Nasdaq
2001,EEFT,Nasdaq
2002,FLEX,Nasdaq
2003,FOSL,Nasdaq
2004,GNTX,Nasdaq
2005,PI,Nasdaq
2006,PODD,Nasdaq
2007,IDCC,Nasdaq
2008,IRTC,Nasdaq
2009,IRBT,Nasdaq
2010,JOUT,Nasdaq
2011,MASI,Nasdaq
2012,NUVA,Nasdaq
2013,POOL,Nasdaq
2014,PTC,Nasdaq
2015,QRVO,Nasdaq
2016,QTT,Nasdaq
2017,SMTC,Nasdaq
2018,SLAB,Nasdaq
2019,RUN,Nasdaq
2020,UEIC,Nasdaq
2021,ZBRA,Nasdaq
2022,JMIA,NYSE
2023,FDS,NYSE
2024,XXII,Nasdaq
2025,DDD,NYSE
2026,AYI,NYSE
2027,ADT,NYSE
2028,AYX,NYSE
2029,BFAM,NYSE
2030,CIG,NYSE
2031,HAE,NYSE
2032,ZEPP,NYSE
2033,HUBB,NYSE
2034,IIPR,NYSE
2035,INSP,NYSE
2036,LTC.US,NYSE
2037,MX,NYSE
2038,MAIN,NYSE
2039,MD,NYSE
2040,NPTN,NYSE
2041,ORA.US,NYSE
2042,QD,NYSE
2043,STAG,NYSE
2044,STOR,NYSE
2045,TEL.US,NYSE
2046,WW,Nasdaq
2047,WGO,NYSE
2048,ASXC,NYSE
2049,FLWS,Nasdaq
2050,APRN,NYSE
2051,CBRL,Nasdaq
2052,JBT,NYSE
2053,PZZA,Nasdaq
2054,PFGC,NYSE
2055,SFM,Nasdaq
2056,THS,NYSE
2057,USFD,NYSE
2058,NET,NYSE
2059,PTON,Nasdaq
2060,JFU,Nasdaq
2061,HER.MI,Borsa Italiana
2062,IP.MI,Borsa Italiana
2063,AMBUB.CO,Copenhagen Stock Exchange
2064,FLS.CO,Copenhagen Stock Exchange
2065,GN.CO,Copenhagen Stock Exchange
2066,JYSK.CO,Copenhagen Stock Exchange
2067,ROCKB.CO,Copenhagen Stock Exchange
2068,RBREW.CO,Copenhagen Stock Exchange
2069,SIM.CO,Copenhagen Stock Exchange
2070,GLPG.NV,Euronext Amsterdam
2071,INGA.NV,Euronext Amsterdam
2072,ACKB.BR,Euronext Brussels
2073,AGS.BR,Euronext Brussels
2074,ABI.BR,Euronext Brussels
2075,ARGX.BR,Euronext Brussels
2076,COLR.BR,Euronext Brussels
2077,GBLB.BR,Euronext Brussels
2078,KBC.BR,Euronext Brussels
2079,PROX.BR,Euronext Brussels
2080,SOF.BR,Euronext Brussels
2081,TNET.BR,Euronext Brussels
2082,UCB.BR,Euronext Brussels
2083,UMI.BR,Euronext Brussels
2084,WDP.BR,Euronext Brussels
2085,AED.PA,Euronext Paris
2086,COFB.PA,Euronext Paris
2087,BCP.LSB,Euronext Lisbon
2088,EDP.LSB,Euronext Lisbon
2089,JMT.LSB,Euronext Lisbon
2090,ATE.PA,Euronext Paris
2091,AKE.PA,Euronext Paris
2092,COV.PA,Euronext Paris
2093,EDEN.PA,Euronext Paris
2094,ELIS.PA,Euronext Paris
2095,RF.PA,Euronext Paris
2096,ETL.PA,Euronext Paris
2097,EO.PA,Euronext Paris
2098,GFC.PA,Euronext Paris
2099,ICAD.PA,Euronext Paris
2100,NK.PA,Euronext Paris
2101,DEC.PA,Euronext Paris
2102,ORP.PA,Euronext Paris
2103,RXL.PA,Euronext Paris
2104,RUI.PA,Euronext Paris
2105,DIM.PA,Euronext Paris
2106,SCR.PA,Euronext Paris
2107,SESG.PA,Euronext Paris
2108,SPIE.PA,Euronext Paris
2109,TEP.PA,Euronext Paris
2110,MF.PA,Euronext Paris
2111,WLN.PA,Euronext Paris
2112,KESKOB.HE,Helsinki Stock Exchange
2113,KCR.HE,Helsinki Stock Exchange
2114,NELES.HE,Helsinki Stock Exchange
2115,ORNBV.HE,Helsinki Stock Exchange
2116,VALMT.HE,Helsinki Stock Exchange
2117,AKRBP.OL,Oslo Stock Exchange
2118,EQNR.OL,Oslo Stock Exchange
2119,NEL.OL,Oslo Stock Exchange
2120,SALM.OL,Oslo Stock Exchange
2121,SCHA.OL,Oslo Stock Exchange
2122,TOM.OL,Oslo Stock Exchange
2123,ALC.ZU,SIX
2124,BALN.ZU,SIX
2125,BARN.ZU,SIX
2126,BUCN.ZU,SIX
2127,CMBN.ZU,SIX
2128,CLN.ZU,SIX
2129,DKSH.ZU,SIX
2130,DUFN.ZU,SIX
2131,EMSN.ZU,SIX
2132,FHZN.ZU,SIX
2133,GALE.ZU,SIX
2134,HELN.ZU,SIX
2135,KNIN.ZU,SIX
2136,LOGN.ZU,SIX
2137,LONN.ZU,SIX
2138,OERL.ZU,SIX
2139,PGHN.ZU,SIX
2140,PSPN.ZU,SIX
2141,SCHP.ZU,SIX
2142,SIKA.ZU,SIX
2143,SOON.ZU,SIX
2144,STMN.ZU,SIX
2145,SPSN.ZU,SIX
2146,TECN.ZU,SIX
2147,TEMN.ZU,SIX
2148,VACN.ZU,SIX
2149,VIFN.ZU,SIX
2150,CLNX.MC,Bolsa De Madrid
2151,COL.MC,Bolsa De Madrid
2152,MRL.MC,Bolsa De Madrid
2153,AAK.ST,Stockholm Stock Exchange
2154,CAST.ST,Stockholm Stock Exchange
2155,DOM.ST,Stockholm Stock Exchange
2156,EKTAB.ST,Stockholm Stock Exchange
2157,EPIA.ST,Stockholm Stock Exchange
2158,ESSITYB.ST,Stockholm Stock Exchange
2159,FABG.ST,Stockholm Stock Exchange
2160,BALDB.ST,Stockholm Stock Exchange
2161,GETIB.ST,Stockholm Stock Exchange
2162,HPOLB.ST,Stockholm Stock Exchange
2163,HUSQB.ST,Stockholm Stock Exchange
2164,INVEB.ST,Stockholm Stock Exchange
2165,KINDSDB.ST,Stockholm Stock Exchange
2166,LOOMIS.ST,Stockholm Stock Exchange
2167,NIBEB.ST,Stockholm Stock Exchange
2168,SAABB.ST,Stockholm Stock Exchange
2169,SOBI.ST,Stockholm Stock Exchange
2170,TEL2B.ST,Stockholm Stock Exchange
2171,PAH3.DE,FRA
2172,FDJ.PA,Euronext Paris
2173,RNG,NYSE
2174,CSGP,NASDAQ
2175,SAM,NYSE
2176,ZM,NASDAQ
2177,MTD,NYSE
2178,SE,NYSE
2179,MKTX,NASDAQ
2180,SSNC,NASDAQ
2181,EFX,NYSE
2182,CPRT,NASDAQ
2183,TDOC,NYSE
2184,IEX,NYSE
2185,KMT,NYSE
2186,ODFL,NASDAQ
2187,PRG,NYSE
2188,MPW,NYSE
2189,ARE,NYSE
2190,BMRN,NASDAQ
2191,ESS,NYSE
2192,PLNT,NYSE
2193,AEO,NYSE
2194,PAGS,NYSE
2195,ACAD,NASDAQ
2196,LII,NYSE
2197,PEN,NYSE
2198,LPX,NYSE
2199,HOLX,NASDAQ
2200,EXR,NYSE
2201,TFX,NYSE
2202,IT,NYSE
2203,ATNX,NASDAQ
2204,SMAR,NYSE
2205,OLLI,NASDAQ
2206,IRM,NYSE
2207,CPE,NYSE
2208,SUI,NYSE
2209,ARWR,NASDAQ
2210,SKT,NYSE
2211,NBIX,NASDAQ
2212,UDR,NYSE
2213,VNO,NYSE
2214,RE,NYSE
2215,RMD,NYSE
2216,BIO,NYSE
2217,DRE,NYSE
2218,RETA,NASDAQ
2219,OHI,NYSE
2220,STE,NYSE
2221,SUZ,NYSE
2222,THO,NYSE
2223,CHGG,NYSE
2224,ATH,NYSE
2225,NVCR,NASDAQ
2226,EHTH,NASDAQ
2227,MRTX,NASDAQ
2228,MTN,NYSE
2229,GNRC,NYSE
2230,SFIX,NASDAQ
2231,PKI,NYSE
2232,TREE,NASDAQ
2233,COLD,NYSE
2234,BZUN,NASDAQ
2235,CADE,NYSE
2236,MTH,NYSE
2237,BJ,NYSE
2238,HQY,NASDAQ
2239,WPC,NYSE
2240,SAFM,NASDAQ
2241,HGV,NYSE
2242,REG,NASDAQ
2243,SAGE,NASDAQ
2244,CRUS,NASDAQ
2245,PENN,NASDAQ
2246,PNR,NYSE
2247,GOSS,NASDAQ
2248,BG,NYSE
2249,BLUE,NASDAQ
2250,FRT,NYSE
2251,ARCH,NYSE
2252,WST,NYSE
2253,ZTO,NYSE
2254,DECK,NYSE
2255,GGB,NYSE
2256,CROX,NASDAQ
2257,288.HK,Hong Kong Exchanges
2258,AZPN,NASDAQ
2259,QTWO,NYSE
2260,OLN,NYSE
2261,BRO,NYSE
2262,CHE,NYSE
2263,BRFS,NYSE
2264,EVBG,NASDAQ
2265,KBH,NYSE
2266,TREX,NYSE
2267,BXS,NYSE
2268,REXR,NYSE
2269,EHC,NYSE
2270,AMED,NASDAQ
2271,AXON,NASDAQ
2272,CRL,NYSE
2273,SPWR,NASDAQ
2274,CUBE,NYSE
2275,HRC,NYSE
2276,MTDR,NYSE
2277,SEAS,NYSE
2278,PEB,NYSE
2279,NVRO,NYSE
2280,VAC,NYSE
2281,CHRS,NASDAQ
2282,FRPT,NASDAQ
2283,EXEL,NASDAQ
2284,2331.HK,Hong Kong Exchanges
2285,NTRA,NASDAQ
2286,CZR,NASDAQ
2287,HTA,NYSE
2288,ABCB,NASDAQ
2289,LSI,NYSE
2290,HTHT,NASDAQ
2291,IIVI,NASDAQ
2292,TMHC,NYSE
2293,BLDR,NYSE
2294,MRCY,NASDAQ
2295,RDN,NYSE
2296,CNK,NYSE
2297,MDC,NYSE
2298,NSP,NYSE
2299,PDCE,NASDAQ
2300,BRKR,NASDAQ
2301,INGN,NASDAQ
2302,PLAY,NASDAQ
2303,GOL,NYSE
2304,LPSN,NASDAQ
2305,NVTA,NYSE
2306,SM,NYSE
2307,CTLT,NYSE
2308,AZUL,NYSE
2309,EGHT,NYSE
2310,AIN,NYSE
2311,1833.HK,Hong Kong Exchanges
2312,VCYT,NASDAQ
2313,RGEN,NASDAQ
2314,SBS,NYSE
2315,FBP,NYSE
2316,JACK,NASDAQ
2317,SUM,NYSE
2318,TXRH,NASDAQ
2319,GKOS,NYSE
2320,SBRA,NASDAQ
2321,BCO,NYSE
2322,BHVN,NYSE
2323,SXT,NYSE
2324,TECH,NASDAQ
2325,SKM,NYSE
2326,BPMC,NASDAQ
2327,00066.HK,Hong Kong Exchanges
2328,ATGE,NYSE
2329,TACO,NASDAQ
2330,IDA,NYSE
2331,ISBC,NASDAQ
2332,CNX,NYSE
2333,BOX,NYSE
2334,MTOR,NYSE
2335,SAIL,NYSE
2336,3888.HK,Hong Kong Exchanges
2337,SCCO,NYSE
2338,6055.HK,Hong Kong Exchanges
2339,IBP,NYSE
2340,MRNA,Nasdaq
2341,TMV.DE,FRA
2342,NVAX,Nasdaq
2343,CODX,Nasdaq
2344,COIN,Nasdaq
2345,ADMP,Nasdaq
2346,XM,Nasdaq
2347,AGRX,Nasdaq
2348,AIHS,Nasdaq
2349,ALDX,Nasdaq
2350,SHLS,Nasdaq
2351,TTEK,Nasdaq
2352,APPS,Nasdaq
2353,ATHX,Nasdaq
2354,ATRS,Nasdaq
2355,AVXL,Nasdaq
2356,CRTO,Nasdaq
2357,AYRO,Nasdaq
2358,AYTU,Nasdaq
2359,BKYI,Nasdaq
2360,BLFS,Nasdaq
2361,BLNK,Nasdaq
2362,BNGO,Nasdaq
2363,BOXL,Nasdaq
2364,CDEV,Nasdaq
2365,CEMI,Nasdaq
2366,NUWE,Nasdaq
2367,CLDX,Nasdaq
2368,CLSK,Nasdaq
2369,COCP,Nasdaq
2370,COOP,Nasdaq
2371,CPRX,Nasdaq
2372,CTRM,Nasdaq
2373,DGLY,Nasdaq
2374,PUBM,Nasdaq
2375,DVAX,Nasdaq
2376,EGAN,Nasdaq
2377,EVFM,Nasdaq
2378,TTCF,Nasdaq
2379,FRSX,Nasdaq
2380,GEVO,Nasdaq
2381,GLBS,Nasdaq
2382,GNUS,Nasdaq
2383,ALGM,Nasdaq
2384,HTBX,Nasdaq
2385,HTGM,Nasdaq
2386,IDEX,Nasdaq
2387,INPX,Nasdaq
2388,IZEA,Nasdaq
2389,JAGX,Nasdaq
2390,GNOG,Nasdaq
2391,NEGG,Nasdaq
2392,LUNA.US,Nasdaq
2393,MARA,Nasdaq
2394,MARK,Nasdaq
2395,VRDN,Nasdaq
2396,MITK,Nasdaq
2397,NAKD,Nasdaq
2398,NBEV,Nasdaq
2399,NNDM,Nasdaq
2400,OCGN,Nasdaq
2401,PAYS,Nasdaq
2402,PLUG,Nasdaq
2403,QLGN,Nasdaq
2404,RIOT,Nasdaq
2405,LSTR,Nasdaq
2406,SHIP,Nasdaq
2407,SINT,Nasdaq
2408,TWOU,Nasdaq
2409,SOLO,Nasdaq
2410,SRNE,Nasdaq
2411,SSSS,Nasdaq
2412,SUNW,Nasdaq
2413,TBLT,Nasdaq
2414,TELL,Nasdaq
2415,TOPS,Nasdaq
2416,TRVN,Nasdaq
2417,TTNP,Nasdaq
2418,UONE,Nasdaq
2419,VBIV,Nasdaq
2420,VISL,Nasdaq
2421,VUZI,Nasdaq
2422,VXRT,Nasdaq
2423,WATT,Nasdaq
2424,WKHS,Nasdaq
2425,ACMR,Nasdaq
2426,ADVM,Nasdaq
2427,APPF,Nasdaq
2428,ARCT,Nasdaq
2429,AXSM,Nasdaq
2430,CAN,Nasdaq
2431,CDLX,Nasdaq
2432,CERS,Nasdaq
2433,CIBR,Nasdaq
2434,CLOU,Nasdaq
2435,CRIS,Nasdaq
2436,CRSP,Nasdaq
2437,DOMO,Nasdaq
2438,DVY,Nasdaq
2439,EH,Nasdaq
2440,EXPI,Nasdaq
2441,FATE,Nasdaq
2442,FCEL,Nasdaq
2443,FOLD,Nasdaq
2444,HEAR,Nasdaq
2445,MNKD,Nasdaq
2446,MVIS,Nasdaq
2447,NMIH,Nasdaq
2448,OCUL,Nasdaq
2449,PRQR,Nasdaq
2450,PTGX,Nasdaq
2451,QYLD,Nasdaq
2452,RPD,Nasdaq
2453,RVNC,Nasdaq
2454,SMH,Nasdaq
2455,SURF,Nasdaq
2456,TPIC,Nasdaq
2457,VONG,Nasdaq
2458,VXUS,Nasdaq
2459,WCLD,Nasdaq
2460,ZGNX,Nasdaq
2461,ALNY,Nasdaq
2462,AMRS,Nasdaq
2463,ANGI,Nasdaq
2464,ARCC,Nasdaq
2465,ATRA,Nasdaq
2466,AY,Nasdaq
2467,BBIO,Nasdaq
2468,BCRX,Nasdaq
2469,BGCP,Nasdaq
2470,BNTX,Nasdaq
2471,BRKS,Nasdaq
2472,CAKE,Nasdaq
2473,CARG,Nasdaq
2474,CDXS,Nasdaq
2475,CG,Nasdaq
2476,CGNX,Nasdaq
2477,CHEF,Nasdaq
2478,CLNE,Nasdaq
2479,CLVS,Nasdaq
2480,CNDT,Nasdaq
2481,CONE,Nasdaq
2482,CRNT,Nasdaq
2483,CYTK,Nasdaq
2484,DDOG,Nasdaq
2485,ERIC,Nasdaq
2486,FIZZ,Nasdaq
2487,FOXA,Nasdaq
2488,GIII,Nasdaq
2489,GLNG,Nasdaq
2490,GO,Nasdaq
2491,GOGO,Nasdaq
2492,GOOGL,Nasdaq
2493,GPRE,Nasdaq
2494,HA,Nasdaq
2495,HALO,Nasdaq
2496,HCAT,Nasdaq
2497,HMHC,Nasdaq
2498,IHRT,Nasdaq
2499,IMGN,Nasdaq
2500,INFN,Nasdaq
2501,INMD,Nasdaq
2502,INO,Nasdaq
2503,IRDM,Nasdaq
2504,ITCI,Nasdaq
2505,ITRI,Nasdaq
2506,KNDI,Nasdaq
2507,LECO,Nasdaq
2508,LI,Nasdaq
2509,LSCC,Nasdaq
2510,LSXMK,Nasdaq
2511,LXRX,Nasdaq
2512,MCRB,Nasdaq
2513,MKSI,Nasdaq
2514,MLCO,Nasdaq
2515,MPWR,Nasdaq
2516,MSTR,Nasdaq
2517,NARI,Nasdaq
2518,NICE,Nasdaq
2519,IBRX,Nasdaq
2520,NKLA,Nasdaq
2521,NKTR,Nasdaq
2522,NXST,Nasdaq
2523,NYMT,Nasdaq
2524,OGI,Nasdaq
2525,ONEM,Nasdaq
2526,ORTX,Nasdaq
2527,PAAS,Nasdaq
2528,PACB,Nasdaq
2529,PBCT,Nasdaq
2530,PCH,Nasdaq
2531,PGNY,Nasdaq
2532,PINC,Nasdaq
2533,PLCE,Nasdaq
2534,PLYA,Nasdaq
2535,PRFT,Nasdaq
2536,PSEC,Nasdaq
2537,PTEN,Nasdaq
2538,QDEL,Nasdaq
2539,QURE,Nasdaq
2540,RDFN,Nasdaq
2541,REAL,Nasdaq
2542,REGI,Nasdaq
2543,RIGL,Nasdaq
2544,ROIC,Nasdaq
2545,RPRX,Nasdaq
2546,RRGB,Nasdaq
2547,RRR,Nasdaq
2548,RUTH,Nasdaq
2549,RVMD,Nasdaq
2550,SABR,Nasdaq
2551,SBGI,Nasdaq
2552,SDC,Nasdaq
2553,SGMS,Nasdaq
2554,SKYW,Nasdaq
2555,SLM,Nasdaq
2556,SNDL,Nasdaq
2557,SNDX,Nasdaq
2558,SONO,Nasdaq
2559,SPWH,Nasdaq
2560,SSRM,Nasdaq
2561,BMBL,Nasdaq
2562,SVC,Nasdaq
2563,SYNH,Nasdaq
2564,TER,Nasdaq
2565,TRVG,Nasdaq
2566,TSEM,Nasdaq
2567,TVTY,Nasdaq
2568,TXG,Nasdaq
2569,UPWK,Nasdaq
2570,UTHR,Nasdaq
2571,VIR,Nasdaq
2572,VRM,Nasdaq
2573,WING,Nasdaq
2574,WMG,Nasdaq
2575,XNET,Nasdaq
2576,XP,Nasdaq
2577,ZG,Nasdaq
2578,ZI,Nasdaq
2579,AAT,NYSE
2580,ABR,NYSE
2581,ACC,NYSE
2582,ADC,NYSE
2583,AEM,NYSE
2584,AER,NYSE
2585,AG,NYSE
2586,AGI,NYSE
2587,AIV,NYSE
2588,AJRD,NYSE
2589,AKR,NYSE
2590,AM,NYSE
2591,AMC,NYSE
2592,AMCR,NYSE
2593,AMH,NYSE
2594,AMRC,NYSE
2595,AOS,NYSE
2596,APO,NYSE
2597,AQUA,NYSE
2598,AR,NYSE
2599,ARR,NYSE
2600,AU,NYSE
2601,AUY,NYSE
2602,AVTR,NYSE
2603,AXL,NYSE
2604,BAM,NYSE
2605,BCS,NYSE
2606,BDC,NYSE
2607,BDN,NYSE
2608,BE,NYSE
2609,BIP,NYSE
2610,BKD,NYSE
2611,BMI,NYSE
2612,BOOT,NYSE
2613,BRX,NYSE
2614,BSX.US,NYSE
2615,BW,NYSE
2616,BXMT,NYSE
2617,CAL,NYSE
2618,CARR,NYSE
2619,CCJ,NYSE
2620,CDE,NYSE
2621,CP,NYSE
2622,SKLZ,NYSE
2623,CIM,NYSE
2624,CLF.US,NYSE
2625,DBRG,NYSE
2626,CM,NYSE
2627,CNQ,NYSE
2628,COR,NYSE
2629,QS,NYSE
2630,CPA,NYSE
2631,CPT,NYSE
2632,CRK,NYSE
2633,CTVA,NYSE
2634,CUZ,NYSE
2635,CVE,NYSE
2636,CWEN,NYSE
2637,CWK.US,NYSE
2638,CXP,NYSE
2639,DBD,NYSE
2640,DBI,NYSE
2641,DEI,NYSE
2642,DHT,NYSE
2643,DIN,NYSE
2644,DOC,NYSE
2645,DRH,NYSE
2646,DS,NYSE
2647,EB,NYSE
2648,EC,NYSE
2649,ZIM,NYSE
2650,EGO,NYSE
2651,EGP.US,NYSE
2652,ELF,NYSE
2653,ELS,NYSE
2654,ENV,NYSE
2655,EPR,NYSE
2656,EPRT,NYSE
2657,EQC,NYSE
2658,EQT,NYSE
2659,ESRT,NYSE
2660,ESTC,NYSE
2661,ETRN,NYSE
2662,EXK,NYSE
2663,FCN,NYSE
2664,XPEV,NYSE
2665,FNV,NYSE
2666,COUR,NYSE
2667,FR.US,NYSE
2668,FRO,NYSE
2669,FSK,NYSE
2670,FSM,NYSE
2671,FTAI,NYSE
2672,FUN,NYSE
2673,GDOT,NYSE
2674,GEO,NYSE
2675,GFI,NYSE
2676,GMED,NYSE
2677,GNL,NYSE
2678,GOTU,NYSE
2679,GTN,NYSE
2680,GVA,NYSE
2681,HASI,NYSE
2682,HEXO,Nasdaq
2683,HHC,NYSE
2684,HIW,NYSE
2685,HMY,NYSE
2686,HP,NYSE
2687,HPP,NYSE
2688,TFII,NYSE
2689,HR,NYSE
2690,HRB,NYSE
2691,HTGC,NYSE
2692,HWM,NYSE
2693,HXL,NYSE
2694,IBN,NYSE
2695,IGT,NYSE
2696,IMAX,NYSE
2697,INN,NYSE
2698,INVH,NYSE
2699,IRT,NYSE
2700,IVR,NYSE
2701,JOE,NYSE
2702,KAR,NYSE
2703,KDMN,Nasdaq
2704,KGC,NYSE
2705,KIM,NYSE
2706,KL,NYSE
2707,KOS,NYSE
2708,KRC,NYSE
2709,NSTB,NYSE
2710,LPI,NYSE
2711,LRN,NYSE
2712,LTHM,NYSE
2713,LYG,NYSE
2714,MAC,NYSE
2715,MAXR,NYSE
2716,MBT,NYSE
2717,MDLA,NYSE
2718,MDP,NYSE
2719,MED.US,NYSE
2720,MFA,NYSE
2721,MFG,NYSE
2722,MGP,NYSE
2723,MGY,NYSE
2724,MPLX,NYSE
2725,MSGS,NYSE
2726,MUFG,NYSE
2727,NAT,NYSE
2728,NBR,NYSE
2729,NNN,NYSE
2730,NOMD,NYSE
2731,NOVA,NYSE
2732,NRZ,NYSE
2733,NS,NYSE
2734,NSA,NYSE
2735,NUS,NYSE
2736,NYT,NYSE
2737,OFC,NYSE
2738,ONTO,NYSE
2739,OTIS,NYSE
2740,PAA,Nasdaq
2741,PBA,NYSE
2742,PD,NYSE
2743,PDM,NYSE
2744,RVLV,NYSE
2745,PEAK,NYSE
2746,PGRE,NYSE
2747,PHR,NYSE
2748,PK,NYSE
2749,PLAN,NYSE
2750,POLY.US,NYSE
2751,PRTY,NYSE
2752,PSB,NYSE
2753,PSTG,NYSE
2754,PUMP,NYSE
2755,PVG,NYSE
2756,RLJ,NYSE
2757,ZWS,NYSE
2758,RRC,NYSE
2759,RWT,NYSE
2760,RY,NYSE
2761,RYN,NYSE
2762,SBSW,NYSE
2763,NVO,NYSE
2764,HYLN,NYSE
2765,SITC,NYSE
2766,SKX,NYSE
2767,SLCA,NYSE
2768,SOL.US,NYSE
2769,FSR,NYSE
2770,SPCE,NYSE
2771,SRC,NYSE
2772,SRG.US,NYSE
2773,SSL,NYSE
2774,STNG,NYSE
2775,STWD,NYSE
2776,SUN,NYSE
2777,SWCH,NYSE
2778,TAK,NYSE
2779,WTRG,NYSE
2780,TD,NYSE
2781,TECK,NYSE
2782,TGNA,NYSE
2783,TRNO,NYSE
2784,TROX,NYSE
2785,MGA,NYSE
2786,TUP,NYSE
2787,TWO,NYSE
2788,UAA,NYSE
2789,UE,NYSE
2790,UMC,NYSE
2791,UVV,NYSE
2792,VEDL,NYSE
2793,VER,NYSE
2794,VICI,NYSE
2795,WES,NYSE
2796,WEX,NYSE
2797,WH,NYSE
2798,ZH,NYSE
2799,WPM,NYSE
2800,CPNG,NYSE
2801,WRE,NYSE
2802,WTI,NYSE
2803,WWE,NYSE
2804,YETI,NYSE
2805,YEXT,NYSE
2806,ZUO,NYSE
2807,RLX,NYSE
2808,RBLX,NYSE
2809,SEMR,NYSE
2810,BTG.US,NYSE
2811,PATH,NYSE
2812,MAG,NYSE
2813,SQM,NYSE
2814,UAVS,NYSE
2815,ZOM,NYSE
2816,GOVT,Chicago Board Options Exchange
2817,ITA,Chicago Board Options Exchange
2818,NOBL,Chicago Board Options Exchange
2819,ARKX,Chicago Board Options Exchange
2820,KRG,NYSE
2821,VAR1.DE,FRA
2822,PRX.NV,Euronext Amsterdam
2823,LAC,NYSE
2824,HFG.DE,FRA
2825,CNI,NYSE
2826,BNS,NYSE
2827,CAJ,NYSE
2828,GDS,Nasdaq
2829,UHAL,Nasdaq
2830,LFUS,Nasdaq
2831,LPL,NYSE
2832,FUTU,Nasdaq
2833,RRX,NYSE
2834,DQ,NYSE
2835,AMKR,Nasdaq
2836,MTSI,Nasdaq
2837,VLDR,Nasdaq
2838,SCPL,Nasdaq
2839,DKNG,Nasdaq
2840,PLTR,NYSE
2841,ANT.HK,Hong Kong Exchanges
2842,ASAN,NYSE
2843,AMWL,NYSE
2844,VTRU,Nasdaq
2845,U,NYSE
2846,SUMO,Nasdaq
2847,FROG,Nasdaq
2848,SNOW,NYSE
2849,SAOC,Tadawul
2850,ALVR,Nasdaq
2851,EBS,NYSE
2852,VLA,Euronext Paris
2853,AGEN,Nasdaq
2854,PCVX,Nasdaq
2855,CVAC,Nasdaq
2856,CNDX,LSE
2857,ABNB,Nasdaq
2858,DASH.US,NYSE
2859,STLA.US,NYSE
2860,QQQJ,Nasdaq
2861,SAIA,Nasdaq
2862,SF.US,NYSE
2863,CHPT,NYSE
2864,RAMP,NYSE
2865,LESL,Nasdaq
2866,AFRM,Nasdaq
2867,GLBE,Nasdaq
2868,MJ,NYSE
2869,CCMP,Nasdaq
2870,QCLN,Nasdaq
2871,AAWW,Nasdaq
2872,ENR.DE,FRA
2873,LAZR,Nasdaq
2874,ARRY,Nasdaq
2875,EJFA,Nasdaq
2876,DWAC,Nasdaq
2877,SLVM,NYSE
2878,TRMR,Nasdaq
2879,CLOV,Nasdaq
2880,WKME,Nasdaq
2881,YOU.DE,FRA
2882,ICLK,Nasdaq
2883,CYRX,Nasdaq
2884,ERJ,NYSE
2885,DAC,NYSE
2886,TRUP,Nasdaq
2887,HDB,NYSE
2888,SCATC.OL,Oslo Stock Exchange
2889,ECV.DE,FRA
2890,EMBRACB.ST,Stockholm Stock Exchange
2891,SF.ST,Stockholm Stock Exchange
2892,ZIP,NYSE
2893,OB,Nasdaq
2894,RSKD,NYSE
2895,PLTK,Nasdaq
2896,WOOF,Nasdaq
2897,POSH,Nasdaq
2898,DRVN,Nasdaq
2899,ORGN,Nasdaq
2900,ARKG,Chicago Board Options Exchange
2901,ARKQ,Chicago Board Options Exchange
2902,PWP,Nasdaq
2903,PAYO,Nasdaq
2904,ATIP,NYSE
2905,SHCR,Nasdaq
2906,TBLA,Nasdaq
2907,BKKT,Nasdaq
2908,FTCV,Nasdaq
2909,AGC,Nasdaq
2910,SEAT,NYSE
2911,SOFI,Nasdaq
2912,LCID,Nasdaq
2913,ML.US,NYSE
2914,SQSP,NYSE
2915,SMWB,NYSE
2916,WE,Nasdaq
2917,IS,NYSE
2918,TSP,Nasdaq
2919,SIMO,Nasdaq
2920,OTLY,Nasdaq
2921,ROO.L,LSE
2922,TASK,Nasdaq
2923,MNDY,Nasdaq
2924,HOOD,Nasdaq
2925,MQ,Nasdaq
2926,DNUT,Nasdaq
2927,WISE.L,LSE
2928,BASE,Nasdaq
2929,BLND.US,NYSE
2930,MF,Nasdaq
2931,S.US,NYSE
2932,CFLT,Nasdaq
2933,BHG,NYSE
2934,FXLV,NYSE
2935,BROS,NYSE
2936,KLTR,Nasdaq
2937,DIDI,NYSE
2938,STJ.L,LSE
2939,TOST,NYSE
2940,BTC,Digital Currency
2941,ETH,Digital Currency
2942,BCH,Digital Currency
2943,XRP,Digital Currency
2944,DASH,Digital Currency
2945,LTC,Digital Currency
2946,ETC,Digital Currency
2947,ADA,Digital Currency
2948,MIOTA,Digital Currency
2949,XLM,Digital Currency
2950,EOS,Digital Currency
2951,NEO,Digital Currency
2952,TRX,Digital Currency
2953,ZEC,Digital Currency
2954,BNB,Digital Currency
2955,XTZ,Digital Currency
2956,DOT,Digital Currency
2957,MKR,Digital Currency
2958,COMP,Digital Currency
2959,LINK,Digital Currency
2960,UNI,Digital Currency
2961,YFI,Digital Currency
2962,DOGE,Digital Currency
2963,AAVE,Digital Currency
2964,FIL,Digital Currency
2965,ALGO,Digital Currency
2966,ATOM,Digital Currency
2967,MANA,Digital Currency
2968,ENJ,Digital Currency
2969,BAT,Digital Currency
2970,MATIC,Digital Currency
2971,FLR,Digital Currency
2972,SOL,Digital Currency
2973,GRT,Digital Currency
2974,1INCH,Digital Currency
2975,CRV,Digital Currency
2976,SHIBxM,Digital Currency
2977,BTCEUR,Digital Currency
2978,ETHEUR,Digital Currency
2979,ETHGBP,Digital Currency
2980,BTCGBP,Digital Currency
2981,EOSGBP,Digital Currency
2982,XRPGBP,Digital Currency
2983,ETHJPY,Digital Currency
2984,BTCJPY,Digital Currency
2985,EOSJPY,Digital Currency
2986,XRPJPY,Digital Currency
2987,ETHEOS,Digital Currency
2988,ETHXLM,Digital Currency
2989,ETHBTC,Digital Currency
2990,BTCEOS,Digital Currency
2991,BTCXLM,Digital Currency
2992,EOSXLM,Digital Currency
2993,BTCAUD,Digital Currency
2994,BTCNZD,Digital Currency
2995,BTCCAD,Digital Currency
2996,BTCCHF,Digital Currency
2997,ETHAUD,Digital Currency
2998,ETHNZD,Digital Currency
2999,ETHCAD,Digital Currency
3000,ETHCHF,Digital Currency
3001,XRPEUR,Digital Currency
3002,XRPAUD,Digital Currency
3003,XRPNZD,Digital Currency
3004,XRPCAD,Digital Currency
3005,XRPCHF,Digital Currency
3006,ETCEUR,Digital Currency
3007,ETCGBP,Digital Currency
3008,ETCAUD,Digital Currency
3009,ETCNZD,Digital Currency
3010,ETCCAD,Digital Currency
3011,ETCCHF,Digital Currency
3012,ETCJPY,Digital Currency
3013,BCHEUR,Digital Currency
3014,BCHGBP,Digital Currency
3015,BCHAUD,Digital Currency
3016,BCHNZD,Digital Currency
3017,BCHCAD,Digital Currency
3018,BCHCHF,Digital Currency
3019,BCHJPY,Digital Currency
3020,LTCEUR,Digital Currency
3021,LTCGBP,Digital Currency
3022,LTCAUD,Digital Currency
3023,LTCNZD,Digital Currency
3024,LTCCAD,Digital Currency
3025,LTCCHF,Digital Currency
3026,LTCJPY,Digital Currency
3027,BCHLTC,Digital Currency
3028,XLMGBP,Digital Currency
3029,XLMJPY,Digital Currency
3030,XLMEUR,Digital Currency
3031,ZECETH,Digital Currency
3032,ZECLTC,Digital Currency
3033,ZECBCH,Digital Currency
3034,ZECDASH,Digital Currency
3035,ZECGBP,Digital Currency
3036,ZECJPY,Digital Currency
3037,ZECEUR,Digital Currency
3038,ZECXRP,Digital Currency
3039,ZECXLM,Digital Currency
3040,ETHCNH,Digital Currency
3041,DASHNZD,Digital Currency
3042,XLMNZD,Digital Currency
3043,ZECNZD,Digital Currency
3044,DASHAUD,Digital Currency
3045,XLMAUD,Digital Currency
3046,ZECAUD,Digital Currency
3047,DASHCHF,Digital Currency
3048,XLMCHF,Digital Currency
3049,ZECCHF,Digital Currency
3050,XRPDASH,Digital Currency
3051,DASHEUR,Digital Currency
3052,DASHJPY,Digital Currency
3053,DASHGBP,Digital Currency
3054,GOLDBTC,Digital Currency
